<?xml version="1.0" encoding="utf-8" ?>
<dwsync>
<file name="Nanchuan-Index_02.png" server="C:/apache-tomcat-6.0.26/webapps/nanchuan/" local="129809383524000068" remote="129809383520000000" />
<file name="Nanchuan-Index_07.png" server="C:/apache-tomcat-6.0.26/webapps/nanchuan/" local="129809383529400151" remote="129809383520000000" />
<file name="Nanchuan-Index_09.png" server="C:/apache-tomcat-6.0.26/webapps/nanchuan/" local="129809383531400181" remote="129809383530000000" />
<file name="Nanchuan-Index_11.png" server="C:/apache-tomcat-6.0.26/webapps/nanchuan/" local="129809383533400212" remote="129809383530000000" />
<file name="Nanchuan-Index_13.png" server="C:/apache-tomcat-6.0.26/webapps/nanchuan/" local="129809383535500244" remote="129809383530000000" />
<file name="Nanchuan-Index_15.png" server="C:/apache-tomcat-6.0.26/webapps/nanchuan/" local="129809383538125285" remote="129809383530000000" />
<file name="Nanchuan-Index_17.png" server="C:/apache-tomcat-6.0.26/webapps/nanchuan/" local="129809383540350319" remote="129809383540000000" />
<file name="Nanchuan-Index_18.png" server="C:/apache-tomcat-6.0.26/webapps/nanchuan/" local="129809383541425335" remote="129809383540000000" />
<file name="Nanchuan-Index_20.png" server="C:/apache-tomcat-6.0.26/webapps/nanchuan/" local="129809383543700370" remote="129809383540000000" />
<file name="Nanchuan-Index_21.png" server="C:/apache-tomcat-6.0.26/webapps/nanchuan/" local="129809383544850388" remote="129809383540000000" />
<file name="Nanchuan-Index_22.png" server="C:/apache-tomcat-6.0.26/webapps/nanchuan/" local="129809383545950405" remote="129809383540000000" />
<file name="Nanchuan-Index_23.png" server="C:/apache-tomcat-6.0.26/webapps/nanchuan/" local="129809383546775417" remote="129809383540000000" />
<file name="Nanchuan-Index_24.png" server="C:/apache-tomcat-6.0.26/webapps/nanchuan/" local="129809383547875434" remote="129809383540000000" />
<file name="Nanchuan-Index_26.png" server="C:/apache-tomcat-6.0.26/webapps/nanchuan/" local="129809383552475505" remote="129809383550000000" />
<file name="Nanchuan-Index_28.png" server="C:/apache-tomcat-6.0.26/webapps/nanchuan/" local="129809470024660785" remote="129809470020000000" />
<file name="Nanchuan-Index_31.png" server="C:/apache-tomcat-6.0.26/webapps/nanchuan/" local="129809470028421000" remote="129809470020000000" />
<file name="Nanchuan-Index_34.png" server="C:/apache-tomcat-6.0.26/webapps/nanchuan/" local="129809470031841195" remote="129809470030000000" />
<file name="Nanchuan-Index_41.png" server="C:/apache-tomcat-6.0.26/webapps/nanchuan/" local="129809470040451688" remote="129809470040000000" />
<file name="Nanchuan-Index_43.png" server="C:/apache-tomcat-6.0.26/webapps/nanchuan/" local="129809572495787584" remote="129809572490000000" />
<file name="Nanchuan-Index_45.png" server="C:/apache-tomcat-6.0.26/webapps/nanchuan/" local="129809470045771992" remote="129809470040000000" />
<file name="Nanchuan-Index_46.png" server="C:/apache-tomcat-6.0.26/webapps/nanchuan/" local="129809463593208803" remote="129809463590000000" />
<file name="Nanchuan-Index_59.png" server="C:/apache-tomcat-6.0.26/webapps/nanchuan/" local="129809470064973090" remote="129809470060000000" />
<file name="Nanchuan-Index_63.png" server="C:/apache-tomcat-6.0.26/webapps/nanchuan/" local="129809383607891372" remote="129809383600000000" />
<file name="Nanchuan-Index_47.png" server="C:/apache-tomcat-6.0.26/webapps/nanchuan/" local="129810148505304812" remote="129810148500000000" />
<file name="blank.png" server="C:/apache-tomcat-6.0.26/webapps/nanchuan/" local="129810158047307882" remote="129810158040000000" />
<file name="1.jpg" server="C:/apache-tomcat-6.0.26/webapps/nanchuan/" local="129347238700000000" remote="129347238700000000" />
<file name="2.jpg" server="C:/apache-tomcat-6.0.26/webapps/nanchuan/" local="129347238700000000" remote="129347238700000000" />
<file name="3.jpg" server="C:/apache-tomcat-6.0.26/webapps/nanchuan/" local="129347238700000000" remote="129347238700000000" />
<file name="4.jpg" server="C:/apache-tomcat-6.0.26/webapps/nanchuan/" local="129347238700000000" remote="129347238700000000" />
<file name="5.jpg" server="C:/apache-tomcat-6.0.26/webapps/nanchuan/" local="129347238700000000" remote="129347238700000000" />
<file name="6.jpg" server="C:/apache-tomcat-6.0.26/webapps/nanchuan/" local="129347238700000000" remote="129347238700000000" />
<file name="m1.jpg" server="C:/apache-tomcat-6.0.26/webapps/nanchuan/" local="129347238700000000" remote="129347238700000000" />
<file name="m2.jpg" server="C:/apache-tomcat-6.0.26/webapps/nanchuan/" local="129347238700000000" remote="129347238700000000" />
<file name="m3.jpg" server="C:/apache-tomcat-6.0.26/webapps/nanchuan/" local="129347238700000000" remote="129347238700000000" />
<file name="m4.jpg" server="C:/apache-tomcat-6.0.26/webapps/nanchuan/" local="129347238700000000" remote="129347238700000000" />
<file name="m5.jpg" server="C:/apache-tomcat-6.0.26/webapps/nanchuan/" local="129347238700000000" remote="129347238700000000" />
<file name="m6.jpg" server="C:/apache-tomcat-6.0.26/webapps/nanchuan/" local="129347238700000000" remote="129347238700000000" />
<file name="Thumbs.db" server="C:/apache-tomcat-6.0.26/webapps/nanchuan/" local="129347238700000000" remote="129347238700000000" />
<file name="blank 5x229..png" server="C:/apache-tomcat-6.0.26/webapps/nanchuan/" local="129810189091797415" remote="129810189090000000" />
<file name="blank 3x358.png" server="C:/apache-tomcat-6.0.26/webapps/nanchuan/" local="129810206452011757" remote="129810206450000000" />
</dwsync>